{
  "run_id": "500k",
  "arch": "transformer",
  "config": {
    "max_lines": 500000,
    "epochs": 15,
    "batch_size": 128,
    "seed": 42,
    "vocab_size": 16000,
    "max_len": 64,
    "d_model": 512,
    "n_params": 52332544
  },
  "n_pairs": {
    "train": 444967,
    "val": 3000,
    "test": 3000
  },
  "best_epoch": 15,
  "best_val_loss": 2.418231848416768,
  "val_bleu": 33.96282376008085,
  "test_bleu": 34.55788733202173,
  "train_curve": [
    4.648341359192081,
    3.015018128844952,
    2.7286206055512077,
    2.60220303963613,
    2.5252508846703368,
    2.4709102171359847,
    2.42885174300651,
    2.3953990688857445,
    2.367799429204549,
    2.3437707071063185,
    2.3229540579773102,
    2.3043723056730974,
    2.2878036490416593,
    2.2727522282505785,
    2.2594027268593697
  ],
  "val_curve": [
    3.1827247642822813,
    2.7586830530248605,
    2.625866782136325,
    2.5577364961949116,
    2.51373510146346,
    2.487304154775969,
    2.4661081746954947,
    2.452605881513524,
    2.442291467049378,
    2.4342695513921884,
    2.4292469249239366,
    2.4270871308019317,
    2.420761402922844,
    2.418704051419976,
    2.418231848416768
  ],
  "epoch_times_s": [
    212.62153387069702,
    213.76660561561584,
    214.0053689479828,
    213.88777136802673,
    213.89257621765137,
    214.848210811615,
    213.81391549110413,
    213.9429314136505,
    214.69047927856445,
    215.1944224834442,
    213.7795135974884,
    213.8140013217926,
    214.08612990379333,
    213.60039377212524,
    214.1695773601532
  ],
  "timestamp": "2026-05-10T02:02:19"
}