{
  "run_id": "200k",
  "arch": "transformer",
  "config": {
    "max_lines": 200000,
    "epochs": 15,
    "batch_size": 128,
    "seed": 42,
    "vocab_size": 16000,
    "max_len": 64,
    "d_model": 512,
    "n_params": 52332544
  },
  "n_pairs": {
    "train": 174289,
    "val": 3000,
    "test": 3000
  },
  "best_epoch": 13,
  "best_val_loss": 2.6490407652989756,
  "val_bleu": 30.34305723057265,
  "test_bleu": 30.60686739495423,
  "train_curve": [
    6.0621521067421895,
    3.976252495666474,
    3.3162383104652022,
    3.0480730488767827,
    2.8611580825236667,
    2.738822455042577,
    2.6491460382201804,
    2.5776677400564774,
    2.519263129476675,
    2.4681871088117076,
    2.4243592445843483,
    2.3848117479322473,
    2.3497169478084694,
    2.3175029688381668,
    2.2878460971352363
  ],
  "val_curve": [
    4.538523908886881,
    3.4238598704289296,
    3.1196304318480395,
    2.9211017572499567,
    2.8194696077700643,
    2.761464981047123,
    2.7167840540900734,
    2.6905493644304976,
    2.6723158500474544,
    2.661536891140066,
    2.6552284017025203,
    2.6545780497688103,
    2.6490407652989756,
    2.6529192892792866,
    2.652426841678352
  ],
  "epoch_times_s": [
    87.18012595176697,
    85.50197982788086,
    85.25660228729248,
    85.13541269302368,
    85.08144974708557,
    84.91194939613342,
    85.08382558822632,
    85.63185453414917,
    85.18297386169434,
    84.6253559589386,
    84.83984470367432,
    84.73321318626404,
    85.23316025733948,
    86.39420366287231,
    84.9926826953888
  ],
  "timestamp": "2026-05-09T23:44:11"
}