{
  "run_id": "200k_s99",
  "arch": "transformer",
  "config": {
    "max_lines": 200000,
    "epochs": 15,
    "batch_size": 128,
    "seed": 99,
    "vocab_size": 16000,
    "max_len": 64,
    "d_model": 512,
    "n_params": 52332544
  },
  "n_pairs": {
    "train": 174289,
    "val": 3000,
    "test": 3000
  },
  "best_epoch": 14,
  "best_val_loss": 2.645961883600397,
  "val_bleu": 30.49464458155409,
  "test_bleu": 30.51995845708387,
  "train_curve": [
    6.06024569970294,
    3.9716285448340796,
    3.3090094229430527,
    3.0422727221466865,
    2.855370379590651,
    2.7332037573831576,
    2.6429099862932626,
    2.5715343683223932,
    2.5124724457895042,
    2.4626567299873314,
    2.4176436820863985,
    2.378412337727003,
    2.343386232158875,
    2.310655559381949,
    2.281086858935262
  ],
  "val_curve": [
    4.535066508831944,
    3.4071369231398045,
    3.112434686004308,
    2.9223144585467082,
    2.8142707260605992,
    2.752030748067403,
    2.71630577653357,
    2.6829754491036484,
    2.66902861131903,
    2.660848438165976,
    2.6532115477598364,
    2.6504209088089983,
    2.6484514755222284,
    2.645961883600397,
    2.6563220549977102
  ],
  "epoch_times_s": [
    85.53869795799255,
    84.15440368652344,
    83.81148099899292,
    83.8441219329834,
    83.88069438934326,
    84.7565975189209,
    83.97715282440186,
    84.31209182739258,
    84.42798185348511,
    84.35198783874512,
    83.96239018440247,
    84.12871026992798,
    84.00869345664978,
    84.30656099319458,
    83.97964978218079
  ],
  "timestamp": "2026-05-10T01:04:48"
}