{
  "run_id": "200k_s13",
  "arch": "transformer",
  "config": {
    "max_lines": 200000,
    "epochs": 15,
    "batch_size": 128,
    "seed": 13,
    "vocab_size": 16000,
    "max_len": 64,
    "d_model": 512,
    "n_params": 52332544
  },
  "n_pairs": {
    "train": 174289,
    "val": 3000,
    "test": 3000
  },
  "best_epoch": 11,
  "best_val_loss": 2.653456771078248,
  "val_bleu": 30.222002812393775,
  "test_bleu": 30.165448982261736,
  "train_curve": [
    6.059182323980247,
    3.972669239149236,
    3.3149703117851756,
    3.0446995958289027,
    2.855786874959006,
    2.732701941360473,
    2.643043101667696,
    2.571510146134835,
    2.5131431103088935,
    2.4620996173179175,
    2.4183788586555943,
    2.3788706469769196,
    2.344260786102674,
    2.311998840171756,
    2.2823865435462465
  ],
  "val_curve": [
    4.538106515853098,
    3.410488751447401,
    3.1039400091696647,
    2.9124092235639742,
    2.817490664491811,
    2.7545713045573814,
    2.718507145591708,
    2.691952751282202,
    2.669433777129948,
    2.660733210527799,
    2.653456771078248,
    2.6576693210770634,
    2.6567434608734772,
    2.6544546009642747,
    2.657041089430474
  ],
  "epoch_times_s": [
    84.52972555160522,
    84.52808666229248,
    85.23393821716309,
    85.10875749588013,
    85.382479429245,
    84.81918406486511,
    85.37686324119568,
    85.22829222679138,
    85.12669253349304,
    84.80869245529175,
    85.13605284690857,
    84.96062755584717,
    84.93171048164368,
    84.87474203109741,
    84.79335761070251
  ],
  "timestamp": "2026-05-10T00:19:48"
}