{
  "run_id": "lstm",
  "arch": "lstm",
  "config": {
    "max_lines": 200000,
    "epochs": 35,
    "batch_size": 64,
    "seed": 42,
    "vocab_size": 16000,
    "max_len": 64,
    "embedding_dim": 128,
    "hidden_dim": 256,
    "num_layers": 2,
    "dropout": 0.3,
    "n_params": 26280577
  },
  "n_pairs": {
    "train": 174289,
    "val": 3000,
    "test": 3000
  },
  "best_epoch": 32,
  "best_val_loss": 5.210423246343085,
  "val_bleu": 6.6741991801385465,
  "test_bleu": 6.592409163532796,
  "train_curve": [
    4.650049957071557,
    3.7480275152012394,
    3.4912732532695947,
    3.3730775297804434,
    3.3344149303226143,
    3.3265660491184064,
    3.3438661295484193,
    3.3615384871496508,
    3.395437135444246,
    3.428747713675273,
    3.474593380641902,
    3.5091482158798177,
    3.5487811089087358,
    3.5882216945449263,
    3.6294192594506485,
    3.6733501836564493,
    3.7204910335057457,
    3.7761152891214396,
    3.8178724376672863,
    3.8624519294034108,
    3.9005203901123484,
    3.952439203272836,
    3.997544613297792,
    4.042101918972462,
    4.088640251450358,
    4.140318653752512,
    4.185160738993689,
    4.224293815708756,
    4.271616061470152,
    4.3159100633748,
    4.36006717948059,
    4.357423303147427,
    4.356922540601632,
    4.352998761713964,
    4.345606672558064
  ],
  "val_curve": [
    7.297070046688648,
    7.228137574297317,
    7.047549886906401,
    6.894964136975877,
    6.826555739057825,
    6.657386779785156,
    6.5860969563747975,
    6.4901027273624505,
    6.410099110704787,
    6.376218897231082,
    6.138986506360642,
    6.082754256877493,
    5.994532960526486,
    6.049183561446819,
    5.9215710213843815,
    5.9122400080904045,
    5.756364426714309,
    5.749410071271531,
    5.813117991102502,
    5.641079557702897,
    5.61998483982492,
    5.51509679631984,
    5.524215383732573,
    5.552809847162125,
    5.447162232500442,
    5.4416696873117,
    5.361789875842155,
    5.32362482395578,
    5.288784108263381,
    5.274279249475358,
    5.238050339069773,
    5.210423246343085,
    5.210507098664629,
    5.227018508505314,
    5.251583728384464
  ],
  "epoch_times_s": [
    463.6102726459503,
    467.20132637023926,
    462.17405939102173,
    463.1053626537323,
    466.3041183948517,
    465.4722352027893,
    461.93837094306946,
    463.26452016830444,
    460.82869815826416,
    461.2661805152893,
    461.89208126068115,
    460.67527985572815,
    460.61093854904175,
    463.3376235961914,
    461.54646348953247,
    461.78122210502625,
    461.6288938522339,
    463.44770979881287,
    461.3471767902374,
    461.94964027404785,
    462.3027057647705,
    461.5589542388916,
    460.828232049942,
    460.67034792900085,
    462.50310611724854,
    463.2238621711731,
    461.26986026763916,
    460.23599195480347,
    461.04954195022583,
    460.0381534099579,
    459.4380097389221,
    460.72357845306396,
    460.0026960372925,
    460.0916783809662,
    460.19694232940674
  ],
  "timestamp": "2026-05-10T06:43:38"
}